2022-04-13,cybuhh
2022-04-12,cybuhh
2022-03-05,cybuhh
2021-10-21,cybuhh
2021-03-08,cybuhh
2021-02-11,cybuhh
2021-01-23,cybuhh
2021-01-23,cybuhh
2020-12-04,cybuhh
2020-11-29,cybuhh
2020-11-29,cybuhh
2020-11-25,cybuhh
2020-11-15,cybuhh
2020-11-14,cybuhh
2020-10-01,cybuhh
2020-09-27,cybuhh
2020-05-26,cybuhh
2020-04-23,cybuhh
2020-04-20,cybuhh
2020-03-30,cybuhh
2020-03-30,cybuhh
2020-03-21,cybuhh
2020-03-12,cybuhh
2020-03-12,cybuhh
2020-03-10,cybuhh
2020-02-24,cybuhh
2020-02-23,cybuhh
2020-02-10,cybuhh
2020-02-03,cybuhh
2020-01-30,cybuhh
2020-01-05,cybuhh
2019-11-02,cybuhh
2019-10-29,cybuhh
2019-10-24,cybuhh
2019-10-11,cybuhh
2019-10-02,cybuhh
2019-10-02,cybuhh
2019-09-27,cybuhh
2019-09-23,cybuhh
2019-08-28,cybuhh
2019-08-14,cybuhh
2019-08-08,cybuhh
2019-08-08,cybuhh
2019-07-30,cybuhh
2019-07-25,cybuhh
2019-07-23,cybuhh
2019-05-10,cybuhh
2019-05-10,cybuhh
2019-05-09,cybuhh
2019-05-07,cybuhh
2019-04-15,cybuhh
2019-04-15,cybuhh
2019-03-29,cybuhh
2019-03-29,cybuhh
2019-03-18,cybuhh
2019-03-18,cybuhh
2019-01-30,cybuhh
2018-10-25,cybuhh
2018-10-25,cybuhh
2018-10-25,cybuhh
2018-10-03,cybuhh
2018-09-16,cybuhh
2018-09-12,cybuhh
2018-08-22,cybuhh
2018-08-22,cybuhh
2018-08-17,cybuhh
2018-08-17,cybuhh
2018-08-07,cybuhh
2018-07-19,cybuhh
2018-07-19,cybuhh
2018-07-16,cybuhh
2018-07-11,cybuhh
2018-07-11,cybuhh
2018-07-09,cybuhh
2018-07-06,cybuhh
2018-07-06,cybuhh
2018-07-06,cybuhh
2018-07-03,cybuhh
2018-07-03,cybuhh
2018-06-24,cybuhh
2018-06-14,cybuhh
2018-06-14,cybuhh
2018-06-08,cybuhh
2018-06-08,cybuhh
2018-06-08,cybuhh
2018-06-08,cybuhh
2018-06-06,cybuhh
2018-06-06,cybuhh
2018-05-08,cybuhh
2018-05-08,cybuhh
2018-05-08,cybuhh
2018-05-04,cybuhh
2018-04-19,cybuhh
2018-04-18,cybuhh
2018-04-08,cybuhh
2018-04-08,cybuhh
2018-04-06,cybuhh
2018-04-06,cybuhh
2018-04-06,cybuhh
2018-03-28,cybuhh
2018-03-17,cybuhh
2018-02-28,cybuhh
2018-02-22,cybuhh
2018-02-16,cybuhh
2018-02-16,cybuhh
2018-02-15,cybuhh
2018-02-13,cybuhh
2018-02-13,cybuhh
2018-02-13,cybuhh
2018-02-09,cybuhh
2018-01-26,cybuhh
2018-01-26,cybuhh
2018-01-26,cybuhh
2018-01-04,cybuhh
2018-01-03,cybuhh
2017-12-29,cybuhh
2017-12-15,cybuhh
2017-11-16,cybuhh
2017-11-15,cybuhh
2017-10-16,cybuhh
2017-10-16,cybuhh
2017-10-16,cybuhh
2017-10-08,cybuhh
2017-09-27,Mateusz Cyburt
2017-09-27,Mateusz Cyburt
2017-09-22,cybuhh
2017-09-22,cybuhh
2017-07-25,Mateusz Cyburt
2017-06-23,cybuhh
2017-06-23,cybuhh
2017-05-31,Mateusz Cyburt
2017-05-26,cybuhh
2017-05-23,cybuhh
2017-05-12,Mateusz Cyburt
2017-04-24,cybuhh
2017-04-24,cybuhh
2017-04-24,cybuhh
2017-03-21,Mateusz Cyburt
2017-02-23,Mateusz Cyburt
2017-02-15,Mateusz Cyburt
2017-02-03,Mateusz Cyburt
2017-02-02,Mateusz Cyburt
2017-01-17,cybuhh
2017-01-07,cybuhh
2017-01-07,cybuhh
2017-01-07,cybuhh
2017-01-04,cybuhh
2016-11-02,cybuhh
2016-11-02,cybuhh
2016-11-02,cybuhh
2016-11-02,cybuhh
2016-08-10,Mateusz Cyburt
2016-08-09,Mateusz Cyburt
2016-07-21,Mateusz Cyburt
2016-05-20,Mateusz Cyburt
2016-04-08,Mateusz Cyburt
2016-03-24,Mateusz Cyburt
2016-03-16,Mateusz Cyburt
2016-03-04,Mateusz Cyburt
2016-03-04,Mateusz Cyburt
2016-03-02,Mateusz Cyburt
2016-02-29,Mateusz Cyburt
2016-02-26,cybuhh
2016-02-26,cybuhh
2016-02-18,Mateusz Cyburt
2016-02-18,Mateusz Cyburt
2016-02-15,Mateusz Cyburt
2016-02-10,Mateusz Cyburt
2016-02-10,Mateusz Cyburt
2016-02-09,cybuhh
2016-02-09,Mateusz Cyburt
2016-02-09,Mateusz Cyburt
2016-02-09,Mateusz Cyburt
2016-02-08,Mateusz Cyburt
2016-02-08,Mateusz Cyburt
2016-02-05,Mateusz Cyburt
2016-02-05,Mateusz Cyburt
2016-02-04,Mateusz Cyburt
2016-02-02,Mateusz Cyburt
2016-02-02,Mateusz Cyburt
2016-02-01,Mateusz Cyburt
2016-02-01,Mateusz Cyburt
2016-02-01,Mateusz Cyburt
2016-01-29,cybuhh
2016-01-29,cybuhh
2016-01-29,cybuhh
2016-01-29,cybuhh
2016-01-29,cybuhh
2016-01-29,cybuhh
2016-01-29,cybuhh
2016-01-29,cybuhh
2016-01-29,cybuhh
2016-01-29,cybuhh
2016-01-29,cybuhh
2016-01-29,cybuhh
2016-01-29,cybuhh
2016-01-28,cybuhh
2016-01-28,cybuhh
2016-01-28,cybuhh
2016-01-28,cybuhh
2016-01-28,cybuhh
2016-01-28,cybuhh
2016-01-22,cybuhh
2016-01-22,cybuhh
2016-01-22,cybuhh
2016-01-22,cybuhh